,x_ego,y_ego,v_ego,a_ego,yaw_ego,width_ego,length_ego,x_1,y_1,v_1,a_1,yaw_1,width_1,length_1,x_2,y_2,v_2,a_2,yaw_2,width_2,length_2,x_3,y_3,v_3,a_3,yaw_3,width_3,length_3,x_4,y_4,v_4,a_4,yaw_4,width_4,length_4,end
0.0,336.365,6.8900000000000015,33.95,0,3.1115265285407494,1.92,4.75,275.15,6.76,26.5,6.25,3.142,1.82,4.55,296.89,11.17,24.5,6.25,3.142,1.82,4.45,383.95,10.77,31.25,6.25,3.142,1.92,4.24,414.76,6.44,24.19,0.0,3.142,2.5,15.41,-1
0.04,335.0076137506669,6.930823646596485,33.95,0,2.9670597599718027,1.92,4.75,274.09,6.76,26.75,6.25,3.142,1.82,4.55,295.91,11.17,24.75,-6.25,3.131,1.82,4.45,382.7,10.77,31.5,-6.25,3.15,1.92,4.24,413.79,6.44,24.19,0.0,3.142,2.5,15.41,-1
0.08,333.670244814629,7.166637829632137,33.95,0,2.9670596535898714,1.92,4.75,273.02,6.76,27.0,-6.25,3.142,1.82,4.55,294.92,11.18,24.5,6.25,3.142,1.82,4.45,381.44,10.76,31.25,12.5,3.142,1.92,4.24,412.83,6.44,24.19,0.0,3.142,2.5,15.41,-1
0.12,332.3328759036774,7.402452154939677,33.95,0,2.9670596535897933,1.92,4.75,271.94,6.76,26.75,6.25,3.142,1.82,4.55,293.94,11.18,24.75,6.25,3.142,1.82,4.45,380.19,10.76,31.75,6.25,3.142,1.92,4.24,411.86,6.44,24.19,0.0,3.142,2.5,15.41,-1
0.16,330.9955069927259,7.638266480247323,33.95,0,2.9670596535897933,1.92,4.75,270.88,6.76,27.0,0.0,3.142,1.82,4.55,292.95,11.18,25.0,-6.25,3.142,1.82,4.45,378.92,10.76,32.0,0.0,3.142,1.92,4.24,410.89,6.44,24.19,0.0,3.142,2.5,15.41,-1
0.2,329.6581380817744,7.874080805554968,33.95,0,2.9670596535897933,1.92,4.75,269.79,6.76,27.0,0.0,3.142,1.82,4.55,291.95,11.18,24.75,0.0,3.142,1.82,4.45,377.64,10.76,32.0,-6.25,3.142,1.92,4.24,409.92,6.44,24.19,0.0,3.142,2.5,15.41,-1
0.24000000000000002,328.32076917082287,8.109895130862613,33.95,0,2.9670596535897933,1.92,4.75,268.71,6.76,27.0,-6.25,3.142,1.82,4.55,290.96,11.18,24.75,0.0,3.142,1.82,4.45,376.36,10.76,31.75,12.5,3.142,1.92,4.24,408.96,6.44,24.19,0.0,3.142,2.5,15.41,-1
0.28,326.98340025987136,8.345709456170258,33.95,0,2.9670596535897933,1.92,4.75,267.63,6.76,26.75,12.5,3.142,1.82,4.55,289.97,11.18,24.75,0.0,3.142,1.82,4.45,375.09,10.76,32.25,-12.5,3.142,1.92,4.24,407.99,6.44,24.19,0.0,3.142,2.5,15.41,-1
0.32,325.64603134891985,8.581523781477904,33.95,0,2.9670596535897933,1.92,4.75,266.56,6.76,27.25,-6.25,3.142,1.82,4.55,288.98,11.18,24.75,0.0,3.142,1.82,4.45,373.8,10.76,31.75,6.25,3.142,1.92,4.24,407.02,6.44,24.19,0.0,3.142,2.5,15.41,-1
0.36,324.30866243796834,8.817338106785549,33.95,0,2.9670596535897933,1.92,4.75,265.47,6.76,27.0,0.0,3.142,1.82,4.55,287.99,11.18,24.75,6.25,3.142,1.82,4.45,372.53,10.76,32.0,-18.75,3.142,1.92,4.24,406.05,6.44,24.19,0.0,3.142,2.5,15.41,-1
0.39999999999999997,322.9712935270168,9.053152432093194,33.95,0,2.9670596535897933,1.92,4.75,264.39,6.76,27.0,-6.25,3.142,1.82,4.55,287.0,11.18,25.0,-6.25,3.142,1.82,4.45,371.25,10.76,31.25,0.0,3.142,1.92,4.24,405.09,6.44,24.19,0.0,3.142,2.5,15.41,-1
0.43999999999999995,321.6339246160653,9.28896675740084,33.95,0,2.9670596535897933,1.92,4.75,263.31,6.76,26.75,0.0,3.142,1.82,4.55,286.0,11.18,24.75,-6.25,3.142,1.82,4.45,370.0,10.76,31.25,0.0,3.142,1.92,4.24,404.12,6.44,24.19,0.0,3.142,2.5,15.41,-1
0.4799999999999999,320.2965557051138,9.524781082708484,33.95,0,2.9670596535897933,1.92,4.75,262.25,6.76,26.75,6.25,3.142,1.82,4.55,285.0,11.18,24.5,12.5,3.142,1.82,4.45,368.75,10.76,31.25,12.5,3.142,1.92,4.24,403.15,6.44,24.19,0.0,3.142,2.5,15.41,-1
0.5199999999999999,318.9591867941623,9.76059540801613,33.95,0,2.9670596535897933,1.92,4.75,261.17,6.76,27.0,0.0,3.142,1.82,4.55,284.03,11.18,25.0,0.0,3.142,1.82,4.45,367.5,10.76,31.75,0.0,3.142,1.92,4.24,402.18,6.44,24.19,-54.75,3.142,2.5,15.41,-1
0.5599999999999999,317.6218178832108,9.996409733323775,33.95,0,3.1415925250677965,1.92,4.75,260.09,6.76,27.0,-6.25,3.142,1.82,4.55,283.03,11.18,25.0,-12.5,3.142,1.82,4.45,366.23,10.76,31.75,-12.5,3.142,1.92,4.24,401.21,6.44,22.0,25.0,3.142,2.5,15.41,-1
0.6,316.2638178832108,9.996409907856647,33.95,0,3.1415926535896985,1.92,4.75,259.01,6.76,26.75,6.25,3.142,1.82,4.55,282.03,11.18,24.5,6.25,3.142,1.82,4.45,364.96,10.76,31.25,6.25,3.142,1.92,4.24,400.33,6.44,23.0,12.5,3.142,2.5,15.41,-1
0.64,314.9058178832108,9.996409907856775,33.95,0,3.141592653589793,1.92,4.75,257.94,6.76,27.0,0.0,3.142,1.82,4.55,281.05,11.18,24.75,0.0,3.142,1.82,4.45,363.71,10.76,31.5,6.25,3.142,1.92,4.24,399.41,6.44,23.5,12.5,3.142,2.5,15.41,-1
0.68,313.54781788321077,9.996409907856775,33.95,0,3.141592653589793,1.92,4.75,256.87,6.76,27.0,6.25,3.142,1.82,4.55,280.06,11.18,24.75,-6.25,3.142,1.82,4.45,362.45,10.76,31.75,-6.25,3.142,1.92,4.24,398.47,6.44,24.0,-6.25,3.142,2.5,15.41,-1
0.7200000000000001,312.18981788321076,9.996409907856775,33.95,0,3.141592653589793,1.92,4.75,255.78,6.76,27.25,-6.25,3.142,1.82,4.55,279.06,11.18,24.5,0.0,3.142,1.82,4.45,361.18,10.76,31.5,0.0,3.142,1.92,4.24,397.51,6.44,23.75,0.0,3.152,2.5,15.41,-1
0.7600000000000001,310.83181788321076,9.996409907856775,33.35,-15.0,3.141592653589793,1.92,4.75,254.69,6.76,27.0,6.25,3.142,1.82,4.55,278.09,11.18,24.5,6.25,3.142,1.82,4.45,359.92,10.76,31.5,-6.25,3.142,1.92,4.24,396.56,6.43,23.75,0.0,3.142,2.5,15.41,-1
0.8000000000000002,309.49781788321076,9.996409907856775,33.35,0,3.141592653589793,1.92,4.75,253.62,6.76,27.25,0.0,3.142,1.82,4.55,277.11,11.18,24.75,6.25,3.142,1.82,4.45,358.66,10.76,31.25,12.5,3.142,1.92,4.24,395.62,6.43,23.75,6.25,3.142,2.5,15.41,-1
0.8400000000000002,308.16381788321075,9.996409907856775,33.35,0,3.141592653589793,1.92,4.75,252.53,6.76,27.25,0.0,3.142,1.82,4.55,276.12,11.18,25.0,0.0,3.142,1.82,4.45,357.41,10.76,31.75,-6.25,3.142,1.92,4.24,394.66,6.43,24.0,6.25,3.142,2.5,15.41,-1
0.8800000000000002,306.82981788321075,9.996409907856775,33.35,0,3.141592653589793,1.92,4.75,251.44,6.76,27.25,0.0,3.142,1.82,4.55,275.12,11.18,25.0,-6.25,3.142,1.82,4.45,356.14,10.76,31.5,-6.25,3.142,1.92,4.24,393.7,6.43,24.25,-12.5,3.142,2.5,15.41,-1
0.9200000000000003,305.49581788321075,9.996409907856775,33.35,0,3.141592653589793,1.92,4.75,250.34,6.76,27.25,-12.5,3.142,1.82,4.55,274.12,11.18,24.75,6.25,3.142,1.82,4.45,354.88,10.76,31.25,0.0,3.142,1.92,4.24,392.73,6.43,23.75,0.0,3.142,2.5,15.41,-1
0.9600000000000003,304.16181788321074,9.996409907856775,33.35,0,3.141592653589793,1.92,4.75,249.25,6.76,26.75,12.5,3.142,1.82,4.55,273.12,11.18,25.0,-6.25,3.142,1.82,4.45,353.63,10.76,31.25,-6.25,3.142,1.92,4.24,391.78,6.43,23.75,6.25,3.142,2.5,15.41,-1
1.0000000000000002,302.82781788321074,9.996409907856775,33.35,0,3.141592653589793,1.92,4.75,248.19,6.76,27.25,-6.25,3.142,1.82,4.55,272.12,11.18,24.75,0.0,3.152,1.82,4.45,352.38,10.76,31.0,6.25,3.142,1.92,4.24,390.83,6.43,24.0,0.0,3.142,2.5,15.41,-1
1.0400000000000003,301.49381788321074,9.996409907856775,32.75,-15.0,3.141592653589793,1.92,4.75,247.09,6.76,27.0,6.25,3.142,1.82,4.55,271.14,11.17,24.75,0.0,3.142,1.82,4.45,351.14,10.76,31.25,0.0,3.142,1.92,4.24,389.88,6.43,24.0,6.25,3.142,2.5,15.41,-1
1.0800000000000003,300.18381788321074,9.996409907856775,32.75,0,3.141592653589793,1.92,4.75,246.02,6.76,27.25,0.0,3.142,1.82,4.55,270.15,11.17,24.75,12.5,3.142,1.82,4.45,349.89,10.76,31.25,6.25,3.142,1.92,4.24,388.91,6.43,24.25,6.25,3.142,2.5,15.41,-1
1.1200000000000003,298.87381788321073,9.996409907856775,32.75,0,3.141592653589793,1.92,4.75,244.93,6.76,27.25,0.0,3.142,1.82,4.55,269.16,11.17,25.25,-6.25,3.142,1.82,4.45,348.64,10.76,31.5,0.0,3.142,1.92,4.24,387.94,6.43,24.5,6.25,3.142,2.5,15.41,-1
1.1600000000000004,297.56381788321073,9.996409907856775,32.75,0,3.141592653589793,1.92,4.75,243.84,6.76,27.25,-6.25,3.151,1.82,4.55,268.15,11.17,25.0,0.0,3.142,1.82,4.45,347.38,10.76,31.5,0.0,3.142,1.92,4.24,386.96,6.43,24.75,0.0,3.142,2.5,15.41,-1
1.2000000000000004,296.25381788321073,9.996409907856775,32.75,0,3.141592653589793,1.92,4.75,242.75,6.75,27.0,0.0,3.142,1.82,4.55,267.15,11.17,25.0,0.0,3.142,1.82,4.45,346.12,10.76,31.5,-6.25,3.142,1.92,4.24,385.97,6.43,24.75,-6.25,3.142,2.5,15.41,-1
1.2400000000000004,294.9438178832107,9.996409907856775,32.75,0,3.141592653589793,1.92,4.75,241.66,6.75,27.0,0.0,3.142,1.82,4.55,266.15,11.17,25.0,-6.25,3.142,1.82,4.45,344.86,10.76,31.25,6.25,3.142,1.92,4.24,384.98,6.43,24.5,6.25,3.142,2.5,15.41,-1
1.2800000000000005,293.6338178832107,9.996409907856775,32.75,0,3.141592653589793,1.92,4.75,240.59,6.75,27.0,6.25,3.142,1.82,4.55,265.15,11.17,24.75,6.25,3.142,1.82,4.45,343.61,10.76,31.5,0.0,3.142,1.92,4.24,384.0,6.43,24.75,-18.75,3.142,2.5,15.41,-1
1.3200000000000005,292.3238178832107,9.996409907856775,32.15,-15.0,3.141592653589793,1.92,4.75,239.5,6.75,27.25,-6.25,3.142,1.82,4.55,264.16,11.17,25.0,-6.25,3.142,1.82,4.45,342.35,10.76,31.5,-6.25,3.142,1.92,4.24,383.01,6.43,24.0,0.0,3.142,2.5,15.41,-1
1.3600000000000005,291.0378178832107,9.996409907856775,32.15,0,3.141592653589793,1.92,4.75,238.41,6.75,27.0,0.0,3.142,1.82,4.55,263.16,11.17,24.75,-6.25,3.142,1.82,4.45,341.09,10.76,31.25,0.0,3.142,1.92,4.24,382.06,6.43,24.0,12.5,3.142,2.5,15.41,-1
1.4000000000000006,289.7518178832107,9.996409907856775,32.15,0,3.141592653589793,1.92,4.75,237.34,6.75,27.0,0.0,3.151,1.82,4.55,262.17,11.17,24.5,12.5,3.142,1.82,4.45,339.84,10.76,31.25,0.0,3.142,1.92,4.24,381.09,6.43,24.5,0.0,3.142,2.5,15.41,-1
1.4400000000000006,288.4658178832107,9.996409907856775,31.549999999999997,-15.0,3.141592653589793,1.92,4.75,236.25,6.74,27.0,0.0,3.142,1.82,4.55,261.19,11.17,25.0,-6.25,3.142,1.82,4.45,338.59,10.76,31.25,0.0,3.142,1.92,4.24,380.12,6.43,24.5,-12.5,3.152,2.5,15.41,-1
1.4800000000000006,287.2038178832107,9.996409907856775,31.549999999999997,0,3.141592653589793,1.92,4.75,235.18,6.74,27.0,0.0,3.142,1.82,4.55,260.19,11.17,24.75,0.0,3.142,1.82,4.45,337.34,10.76,31.25,6.25,3.142,1.92,4.24,379.13,6.42,24.0,6.25,3.142,2.5,15.41,-1
1.5200000000000007,285.9418178832107,9.996409907856775,31.549999999999997,0,3.141592653589793,1.92,4.75,234.09,6.74,27.0,0.0,3.142,1.82,4.55,259.2,11.17,24.75,6.25,3.142,1.82,4.45,336.09,10.76,31.5,0.0,3.142,1.92,4.24,378.18,6.42,24.25,0.0,3.142,2.5,15.41,-1
1.5600000000000007,284.6798178832107,9.996409907856775,31.549999999999997,0,3.141592653589793,1.92,4.75,233.02,6.74,27.0,0.0,3.151,1.82,4.55,258.2,11.17,25.0,0.0,3.142,1.82,4.45,334.83,10.76,31.5,-6.25,3.142,1.92,4.24,377.2,6.42,24.25,-6.25,3.142,2.5,15.41,-1
1.6000000000000008,283.4178178832107,9.996409907856775,31.549999999999997,0,3.141592653589793,1.92,4.75,231.94,6.73,27.0,0.0,3.142,1.82,4.55,257.2,11.17,25.0,-6.25,3.142,1.82,4.45,333.57,10.76,31.25,-6.25,3.142,1.92,4.24,376.23,6.42,24.0,0.0,3.142,2.5,15.41,-1
1.6400000000000008,282.1558178832107,9.996409907856775,31.549999999999997,0,3.141592653589793,1.92,4.75,230.86,6.73,27.0,0.0,3.142,1.82,4.55,256.2,11.17,24.75,6.25,3.142,1.82,4.45,332.32,10.76,31.0,0.0,3.142,1.92,4.24,375.27,6.42,24.0,6.25,3.142,2.5,15.41,-1
1.6800000000000008,280.8938178832107,9.996409907856775,30.949999999999996,-15.0,3.141592653589793,1.92,4.75,229.78,6.73,27.0,6.25,3.151,1.82,4.55,255.22,11.17,25.0,0.0,3.152,1.82,4.45,331.08,10.76,31.0,6.25,3.142,1.92,4.24,374.31,6.42,24.25,-12.5,3.142,2.5,15.41,-1
1.7200000000000009,279.6558178832107,9.996409907856775,30.949999999999996,0,3.141592653589793,1.92,4.75,228.69,6.72,27.25,-6.25,3.142,1.82,4.55,254.22,11.16,25.0,0.0,3.142,1.82,4.45,329.84,10.76,31.25,0.0,3.142,1.92,4.24,373.34,6.42,23.75,6.25,3.142,2.5,15.41,-1
1.760000000000001,278.4178178832107,9.996409907856775,30.949999999999996,0,3.141592653589793,1.92,4.75,227.61,6.72,27.0,-6.25,3.151,1.82,4.55,253.22,11.16,25.0,-6.25,3.142,1.82,4.45,328.59,10.76,31.25,0.0,3.15,1.92,4.24,372.39,6.42,24.0,6.25,3.142,2.5,15.41,-1
1.800000000000001,277.1798178832107,9.996409907856775,30.949999999999996,0,3.141592653589793,1.92,4.75,226.53,6.71,26.75,6.25,3.142,1.82,4.55,252.22,11.16,24.75,6.25,3.142,1.82,4.45,327.34,10.75,31.25,0.0,3.142,1.92,4.24,371.44,6.42,24.25,0.0,3.142,2.5,15.41,-1
1.840000000000001,275.9418178832107,9.996409907856775,30.949999999999996,0,3.141592653589793,1.92,4.75,225.46,6.71,27.0,6.25,3.151,1.82,4.55,251.22,11.16,25.0,-6.25,3.142,1.82,4.45,326.09,10.75,31.25,0.0,3.142,1.92,4.24,370.46,6.42,24.25,0.0,3.142,2.5,15.41,-1
1.880000000000001,274.7038178832107,9.996409907856775,30.949999999999996,0,3.141592653589793,1.92,4.75,224.38,6.7,27.25,-6.25,3.151,1.82,4.55,250.22,11.16,24.75,0.0,3.142,1.82,4.45,324.84,10.75,31.25,0.0,3.142,1.92,4.24,369.5,6.42,24.25,12.5,3.142,2.5,15.41,-1
1.920000000000001,273.4658178832107,9.996409907856775,30.949999999999996,0,3.141592653589793,1.92,4.75,223.28,6.69,27.0,-6.25,3.142,1.82,4.55,249.23,11.16,24.75,6.25,3.142,1.82,4.45,323.59,10.75,31.25,6.25,3.142,1.92,4.24,368.52,6.42,24.75,-6.25,3.142,2.5,15.41,-1
1.960000000000001,272.2278178832107,9.996409907856775,30.349999999999994,-15.0,3.141592653589793,1.92,4.75,222.21,6.69,26.75,6.25,3.151,1.82,4.55,248.25,11.16,25.0,0.0,3.142,1.82,4.45,322.34,10.75,31.5,-18.75,3.142,1.92,4.24,367.53,6.42,24.5,-6.25,3.142,2.5,15.41,-1
2.000000000000001,271.0138178832107,9.996409907856775,30.349999999999994,0,3.141592653589793,1.92,4.75,221.14,6.68,27.0,0.0,3.142,1.82,4.55,247.25,11.16,25.0,-6.25,3.142,1.82,4.45,321.08,10.75,30.75,6.25,3.142,1.92,4.24,366.56,6.42,24.25,-6.25,3.142,2.5,15.41,-1
2.040000000000001,269.7998178832107,9.996409907856775,30.349999999999994,0,3.141592653589793,1.92,4.75,220.06,6.68,27.0,0.0,3.151,1.82,4.55,246.25,11.16,24.75,6.25,3.142,1.82,4.45,319.85,10.75,31.0,0.0,3.142,1.92,4.24,365.58,6.42,24.0,12.5,3.142,2.5,15.41,-1
2.080000000000001,268.5858178832107,9.996409907856775,30.349999999999994,0,3.141592653589793,1.92,4.75,218.97,6.67,27.0,-6.25,3.151,1.82,4.55,245.25,11.16,25.0,-12.5,3.142,1.82,4.45,318.61,10.75,31.0,0.0,3.142,1.92,4.24,364.62,6.42,24.5,-12.5,3.142,2.5,15.41,-1
2.120000000000001,267.3718178832107,9.996409907856775,30.349999999999994,0,3.141592653589793,1.92,4.75,217.9,6.66,26.75,-6.25,3.142,1.82,4.55,244.25,11.16,24.5,6.25,3.142,1.82,4.45,317.37,10.75,31.0,0.0,3.142,1.92,4.24,363.64,6.42,24.0,0.0,3.142,2.5,15.41,-1
2.160000000000001,266.1578178832107,9.996409907856775,29.749999999999993,-15.0,3.141592653589793,1.92,4.75,216.83,6.66,26.5,12.5,3.151,1.82,4.55,243.28,11.16,24.75,-6.25,3.142,1.82,4.45,316.13,10.75,31.0,-6.25,3.15,1.92,4.24,362.69,6.42,24.0,-6.25,3.142,2.5,15.41,-1
2.200000000000001,264.9678178832107,9.996409907856775,29.749999999999993,0,3.141592653589793,1.92,4.75,215.77,6.65,27.0,-6.25,3.142,1.82,4.55,242.28,11.16,24.5,6.25,3.142,1.82,4.45,314.89,10.74,30.75,12.5,3.142,1.92,4.24,361.72,6.42,23.75,6.25,3.142,2.5,15.41,-1
2.240000000000001,263.77781788321073,9.996409907856775,29.749999999999993,0,3.141592653589793,1.92,4.75,214.69,6.65,26.75,-6.25,3.151,1.82,4.55,241.31,11.16,24.75,0.0,3.142,1.82,4.45,313.66,10.74,31.25,0.0,3.142,1.92,4.24,360.77,6.42,24.0,0.0,3.142,2.5,15.41,-1
2.280000000000001,262.58781788321073,9.996409907856775,29.749999999999993,0,3.141592653589793,1.92,4.75,213.62,6.64,26.5,6.25,3.151,1.82,4.55,240.31,11.16,24.75,0.0,3.142,1.82,4.45,312.41,10.74,31.25,0.0,3.142,1.92,4.24,359.81,6.42,24.0,6.25,3.142,2.5,15.41,-1
2.320000000000001,261.39781788321073,9.996409907856775,29.749999999999993,0,3.141592653589793,1.92,4.75,212.56,6.63,26.75,0.0,3.142,1.82,4.55,239.32,11.16,24.75,0.0,3.142,1.82,4.45,311.16,10.74,31.25,0.0,3.142,1.92,4.24,358.85,6.42,24.25,0.0,3.142,2.5,15.41,-1
2.360000000000001,260.20781788321074,9.996409907856775,29.749999999999993,0,3.141592653589793,1.92,4.75,211.49,6.63,26.75,0.0,3.151,1.82,4.55,238.34,11.16,24.75,6.25,3.142,1.82,4.45,309.91,10.74,31.25,6.25,3.142,1.92,4.24,357.88,6.42,24.25,6.25,3.142,2.5,15.41,-1
2.4000000000000012,259.01781788321074,9.996409907856775,29.749999999999993,0,3.141592653589793,1.92,4.75,210.41,6.62,26.75,6.25,3.142,1.82,4.55,237.34,11.16,25.0,-6.25,3.142,1.82,4.45,308.66,10.74,31.5,-12.5,3.15,1.92,4.24,356.91,6.42,24.5,-12.5,3.142,2.5,15.41,-1
2.4400000000000013,257.82781788321074,9.996409907856775,29.749999999999993,0,3.141592653589793,1.92,4.75,209.34,6.62,27.0,-6.25,3.151,1.82,4.55,236.34,11.16,24.75,12.5,3.142,1.82,4.45,307.4,10.73,31.0,6.25,3.142,1.92,4.24,355.94,6.42,24.0,0.0,3.142,2.5,15.41,-1
2.4800000000000013,256.63781788321074,9.996409907856775,29.749999999999993,0,3.141592653589793,1.92,4.75,208.27,6.61,26.75,0.0,3.151,1.82,4.55,235.35,11.16,25.25,-12.5,3.142,1.82,4.45,306.16,10.73,31.25,-12.5,3.142,1.92,4.24,354.97,6.42,24.0,0.0,3.131,2.5,15.41,-1
2.5200000000000014,255.44781788321075,9.996409907856775,29.749999999999993,0,3.141592653589793,1.92,4.75,207.19,6.6,26.75,0.0,3.142,1.82,4.55,234.34,11.16,24.75,0.0,3.152,1.82,4.45,304.91,10.73,30.75,6.25,3.142,1.92,4.24,354.01,6.43,24.0,0.0,3.142,2.5,15.41,-1
2.5600000000000014,254.25781788321075,9.996409907856775,29.14999999999999,-15.0,3.141592653589793,1.92,4.75,206.12,6.6,26.75,-6.25,3.151,1.82,4.55,233.35,11.15,24.75,6.25,3.142,1.82,4.45,303.68,10.73,31.0,0.0,3.15,1.92,4.24,353.06,6.43,24.0,18.75,3.142,2.5,15.41,-1
2.6000000000000014,253.09181788321075,9.996409907856775,29.14999999999999,0,3.141592653589793,1.92,4.75,205.06,6.59,26.5,6.25,3.151,1.82,4.55,232.36,11.15,25.0,0.0,3.142,1.82,4.45,302.44,10.72,31.0,0.0,3.142,1.92,4.24,352.09,6.43,24.75,-18.75,3.142,2.5,15.41,-1
2.6400000000000015,251.92581788321075,9.996409907856775,29.14999999999999,0,3.141592653589793,1.92,4.75,204.0,6.58,26.75,-6.25,3.142,1.82,4.55,231.36,11.15,25.0,0.0,3.142,1.82,4.45,301.2,10.72,31.0,12.5,3.142,1.92,4.24,351.1,6.43,24.0,6.25,3.142,2.5,15.41,-1
2.6800000000000015,250.75981788321076,9.996409907856775,29.14999999999999,0,3.141592653589793,1.92,4.75,202.93,6.58,26.5,12.5,3.151,1.82,4.55,230.36,11.15,25.0,-6.25,3.142,1.82,4.45,299.96,10.72,31.5,-6.25,3.142,1.92,4.24,350.14,6.43,24.25,12.5,3.142,2.5,15.41,-1
2.7200000000000015,249.59381788321076,9.996409907856775,29.14999999999999,0,3.141592653589793,1.92,4.75,201.87,6.57,27.0,-6.25,3.142,1.82,4.55,229.36,11.15,24.75,6.25,3.142,1.82,4.45,298.7,10.72,31.25,6.25,3.15,1.92,4.24,349.18,6.43,24.75,0.0,3.142,2.5,15.41,-1
2.7600000000000016,248.42781788321076,9.996409907856775,28.54999999999999,-15.0,3.141592653589793,1.92,4.75,200.78,6.57,26.75,6.25,3.151,1.82,4.55,228.38,11.15,25.0,6.25,3.142,1.82,4.45,297.45,10.71,31.5,6.25,3.142,1.92,4.24,348.19,6.43,24.75,6.25,3.142,2.5,15.41,-1
2.8000000000000016,247.28581788321077,9.996409907856775,28.54999999999999,0,3.141592653589793,1.92,4.75,199.72,6.56,27.0,-12.5,3.142,1.82,4.55,227.38,11.15,25.25,-25.0,3.142,1.82,4.45,296.19,10.71,31.75,-31.25,3.142,1.92,4.24,347.19,6.43,25.0,-43.75,3.142,2.5,15.41,-1
2.8400000000000016,246.14381788321077,9.996409907856775,28.54999999999999,0,3.141592653589793,1.92,4.75,198.64,6.56,26.5,0.0,3.142,1.82,4.55,226.36,11.15,24.25,12.5,3.142,1.82,4.45,294.92,10.71,30.5,6.25,3.15,1.92,4.24,346.19,6.43,23.25,12.5,3.142,2.5,15.41,-1
2.8800000000000017,245.00181788321078,9.996409907856775,28.54999999999999,0,3.141592653589793,1.92,4.75,197.58,6.56,26.5,0.0,3.151,1.82,4.55,225.39,11.15,24.75,0.0,3.142,1.82,4.45,293.7,10.7,30.75,0.0,3.142,1.92,4.24,345.26,6.43,23.75,-12.5,3.142,2.5,15.41,-1
2.9200000000000017,243.85981788321078,9.996409907856775,28.54999999999999,0,3.141592653589793,1.92,4.75,196.52,6.55,26.5,0.0,3.142,1.82,4.55,224.41,11.15,24.75,-6.25,3.142,1.82,4.45,292.47,10.7,30.75,0.0,3.142,1.92,4.24,344.31,6.43,23.25,12.5,3.142,2.5,15.41,-1
2.9600000000000017,242.71781788321078,9.996409907856775,28.54999999999999,0,3.141592653589793,1.92,4.75,195.46,6.55,26.5,0.0,3.151,1.82,4.55,223.41,11.15,24.5,12.5,3.142,1.82,4.45,291.24,10.7,30.75,12.5,3.15,1.92,4.24,343.38,6.43,23.75,6.25,3.152,2.5,15.41,-1
3.0000000000000018,241.5758178832108,9.996409907856775,27.94999999999999,-15.0,3.141592653589793,1.92,4.75,194.4,6.54,26.5,0.0,3.142,1.82,4.55,222.44,11.15,25.0,-6.25,3.142,1.82,4.45,290.01,10.69,31.25,-6.25,3.142,1.92,4.24,342.44,6.42,24.0,0.0,3.142,2.5,15.41,-1
3.040000000000002,240.4578178832108,9.996409907856775,27.94999999999999,0,3.141592653589793,1.92,4.75,193.34,6.54,26.5,0.0,3.142,1.82,4.55,221.44,11.15,24.75,-6.25,3.142,1.82,4.45,288.76,10.69,31.0,0.0,3.15,1.92,4.24,341.47,6.42,24.0,6.25,3.142,2.5,15.41,-1
3.080000000000002,239.3398178832108,9.996409907856775,27.94999999999999,0,3.141592653589793,1.92,4.75,192.28,6.54,26.5,0.0,3.151,1.82,4.55,220.44,11.15,24.5,6.25,3.142,1.82,4.45,287.52,10.68,31.0,6.25,3.142,1.92,4.24,340.51,6.42,24.25,0.0,3.142,2.5,15.41,-1
3.120000000000002,238.2218178832108,9.996409907856775,27.94999999999999,0,3.141592653589793,1.92,4.75,191.22,6.53,26.5,0.0,3.142,1.82,4.55,219.47,11.15,24.75,0.0,3.142,1.82,4.45,286.28,10.68,31.25,0.0,3.142,1.92,4.24,339.54,6.42,24.25,18.75,3.142,2.5,15.41,-1
3.160000000000002,237.1038178832108,9.996409907856775,27.94999999999999,0,3.141592653589793,1.92,4.75,190.16,6.53,26.5,-6.25,3.151,1.82,4.55,218.47,11.15,24.75,-6.25,3.142,1.82,4.45,285.03,10.68,31.25,-12.5,3.15,1.92,4.24,338.57,6.42,25.0,-25.0,3.142,2.5,15.41,-1
3.200000000000002,235.9858178832108,9.996409907856775,27.94999999999999,0,3.141592653589793,1.92,4.75,189.09,6.52,26.25,6.25,3.142,1.82,4.55,217.48,11.15,24.5,0.0,3.142,1.82,4.45,283.78,10.67,30.75,0.0,3.142,1.92,4.24,337.57,6.42,24.0,0.0,3.142,2.5,15.41,-1
3.240000000000002,234.86781788321082,9.996409907856775,27.94999999999999,0,3.141592653589793,1.92,4.75,188.05,6.52,26.5,0.0,3.142,1.82,4.55,216.5,11.15,24.5,6.25,3.142,1.82,4.45,282.55,10.67,30.75,6.25,3.142,1.92,4.24,336.62,6.42,24.0,0.0,3.142,2.5,15.41,-1
3.280000000000002,233.74981788321082,9.996409907856775,27.94999999999999,0,3.141592653589793,1.92,4.75,186.99,6.52,26.5,0.0,3.142,1.82,4.55,215.53,11.15,24.75,-6.25,3.142,1.82,4.45,281.32,10.67,31.0,6.25,3.142,1.92,4.24,335.65,6.42,24.0,6.25,3.142,2.5,15.41,-1
3.320000000000002,232.63181788321083,9.996409907856775,27.94999999999999,0,3.141592653589793,1.92,4.75,185.93,6.52,26.5,-6.25,3.142,1.82,4.55,214.53,11.15,24.5,6.25,3.142,1.82,4.45,280.08,10.67,31.25,-12.5,3.15,1.92,4.24,334.69,6.42,24.25,-6.25,3.131,2.5,15.41,-1
3.360000000000002,231.51381788321083,9.996409907856775,27.349999999999987,-15.0,3.141592653589793,1.92,4.75,184.87,6.52,26.25,0.0,3.151,1.82,4.55,213.56,11.15,24.75,0.0,3.142,1.82,4.45,278.83,10.66,30.75,0.0,3.142,1.92,4.24,333.72,6.43,24.0,0.0,3.142,2.5,15.41,-1
3.400000000000002,230.41981788321084,9.996409907856775,27.349999999999987,0,3.141592653589793,1.92,4.75,183.81,6.51,26.25,6.25,3.142,1.82,4.55,212.56,11.15,24.75,6.25,3.142,1.82,4.45,277.6,10.66,30.75,6.25,3.142,1.92,4.24,332.76,6.43,24.0,0.0,3.142,2.5,15.41,-1
3.440000000000002,229.32581788321085,9.996409907856775,27.349999999999987,0,3.141592653589793,1.92,4.75,182.77,6.51,26.5,-6.25,3.142,1.82,4.55,211.57,11.15,25.0,-6.25,3.152,1.82,4.45,276.37,10.66,31.0,0.0,3.142,1.92,4.24,331.81,6.43,24.0,-6.25,3.142,2.5,15.41,-1
3.480000000000002,228.23181788321085,9.996409907856775,27.349999999999987,0,3.141592653589793,1.92,4.75,181.71,6.51,26.25,0.0,3.142,1.82,4.55,210.57,11.14,24.75,0.0,3.142,1.82,4.45,275.13,10.66,31.0,0.0,3.15,1.92,4.24,330.84,6.43,23.75,18.75,3.142,2.5,15.41,-1
3.5200000000000022,227.13781788321086,9.996409907856775,27.349999999999987,0,3.141592653589793,1.92,4.75,180.66,6.51,26.25,0.0,3.142,1.82,4.55,209.59,11.14,24.75,-6.25,3.142,1.82,4.45,273.89,10.65,31.0,-6.25,3.142,1.92,4.24,329.89,6.43,24.5,-25.0,3.142,2.5,15.41,-1
3.5600000000000023,226.04381788321086,9.996409907856775,27.349999999999987,0,3.141592653589793,1.92,4.75,179.61,6.51,26.25,0.0,3.142,1.82,4.55,208.59,11.14,24.5,-6.25,3.142,1.82,4.45,272.65,10.65,30.75,0.0,3.142,1.92,4.24,328.91,6.43,23.5,6.25,3.142,2.5,15.41,-1
3.6000000000000023,224.94981788321087,9.996409907856775,27.349999999999987,0,3.141592653589793,1.92,4.75,178.56,6.51,26.25,0.0,3.142,1.82,4.55,207.61,11.14,24.25,6.25,3.131,1.82,4.45,271.42,10.65,30.75,0.0,3.142,1.92,4.24,327.97,6.43,23.75,0.0,3.131,2.5,15.41,-1
3.6400000000000023,223.85581788321088,9.996409907856775,27.349999999999987,0,3.141592653589793,1.92,4.75,177.5,6.51,26.25,6.25,3.142,1.82,4.55,206.64,11.15,24.5,12.5,3.142,1.82,4.45,270.19,10.65,30.75,6.25,3.142,1.92,4.24,327.02,6.44,23.75,6.25,3.142,2.5,15.41,-1
3.6800000000000024,222.76181788321088,9.996409907856775,27.349999999999987,0,3.141592653589793,1.92,4.75,176.46,6.51,26.5,-12.5,3.142,1.82,4.55,205.66,11.15,25.0,-12.5,3.142,1.82,4.45,268.96,10.65,31.0,0.0,3.142,1.92,4.24,326.07,6.44,24.0,6.25,3.142,2.5,15.41,-1
3.7200000000000024,221.6678178832109,9.996409907856775,27.349999999999987,0,3.141592653589793,1.92,4.75,175.4,6.51,26.0,6.25,3.142,1.82,4.55,204.66,11.15,24.5,0.0,3.142,1.82,4.45,267.72,10.65,31.0,0.0,3.142,1.92,4.24,325.12,6.44,24.25,-6.25,3.142,2.5,15.41,-1
3.7600000000000025,220.5738178832109,9.996409907856775,27.349999999999987,0,3.141592653589793,1.92,4.75,174.36,6.51,26.25,0.0,3.142,1.82,4.55,203.69,11.15,24.5,12.5,3.142,1.82,4.45,266.48,10.65,31.0,0.0,3.15,1.92,4.24,324.14,6.44,24.0,6.25,3.131,2.5,15.41,-1
3.8000000000000025,219.4798178832109,9.996409907856775,27.349999999999987,0,3.141592653589793,1.92,4.75,173.31,6.51,26.25,0.0,3.132,1.82,4.55,202.7,11.15,25.0,-12.5,3.142,1.82,4.45,265.24,10.64,31.0,6.25,3.142,1.92,4.24,323.19,6.45,24.25,-6.25,3.142,2.5,15.41,-1
3.8400000000000025,218.3858178832109,9.996409907856775,27.94999999999999,15.0,3.141592653589793,1.92,4.75,172.25,6.52,26.25,-6.25,3.142,1.82,4.55,201.7,11.15,24.5,0.0,3.142,1.82,4.45,264.0,10.64,31.25,-12.5,3.142,1.92,4.24,322.21,6.45,24.0,0.0,3.142,2.5,15.41,-1
3.8800000000000026,217.2678178832109,9.996409907856775,27.94999999999999,0,3.141592653589793,1.92,4.75,171.21,6.52,26.0,0.0,3.142,1.82,4.55,200.72,11.15,24.5,0.0,3.142,1.82,4.45,262.75,10.64,30.75,0.0,3.142,1.92,4.24,321.25,6.45,24.0,0.0,3.142,2.5,15.41,-1
3.9200000000000026,216.14981788321091,9.996409907856775,27.94999999999999,0,3.141592653589793,1.92,4.75,170.16,6.52,26.0,6.25,3.142,1.82,4.55,199.75,11.15,24.5,0.0,3.142,1.82,4.45,261.52,10.64,30.75,0.0,3.142,1.92,4.24,320.29,6.45,24.0,6.25,3.131,2.5,15.41,-1
3.9600000000000026,215.03181788321092,9.996409907856775,27.94999999999999,0,3.141592653589793,1.92,4.75,169.12,6.52,26.25,-6.25,3.142,1.82,4.55,198.76,11.15,24.5,0.0,3.142,1.82,4.45,260.29,10.64,30.75,6.25,3.142,1.92,4.24,319.33,6.46,24.25,0.0,3.142,2.5,15.41,-1
4.000000000000003,213.91381788321092,9.996409907856775,27.94999999999999,0,3.141592653589793,1.92,4.75,168.08,6.52,26.0,6.25,3.142,1.82,4.55,197.78,11.15,24.5,6.25,3.142,1.82,4.45,259.06,10.64,31.0,0.0,3.142,1.92,4.24,318.37,6.46,24.25,0.0,3.142,2.5,15.41,-1
4.040000000000003,212.79581788321093,9.996409907856775,27.94999999999999,0,3.141592653589793,1.92,4.75,167.03,6.52,26.25,6.25,3.142,1.82,4.55,196.81,11.15,24.75,0.0,3.142,1.82,4.45,257.82,10.64,31.0,-6.25,3.142,1.92,4.24,317.39,6.46,24.25,-6.25,3.142,2.5,15.41,-1
4.080000000000003,211.67781788321093,9.996409907856775,27.94999999999999,0,3.141592653589793,1.92,4.75,165.99,6.52,26.5,-18.75,3.142,1.82,4.55,195.81,11.15,24.75,-6.25,3.142,1.82,4.45,256.58,10.64,30.75,6.25,3.142,1.92,4.24,316.43,6.46,24.0,6.25,3.131,2.5,15.41,-1
4.120000000000003,210.55981788321094,9.996409907856775,27.94999999999999,0,3.141592653589793,1.92,4.75,164.93,6.52,25.75,6.25,3.142,1.82,4.55,194.82,11.15,24.5,0.0,3.152,1.82,4.45,255.35,10.64,31.0,0.0,3.142,1.92,4.24,315.46,6.47,24.25,12.5,3.142,2.5,15.41,-1
4.160000000000003,209.44181788321094,9.996409907856775,27.94999999999999,0,3.141592653589793,1.92,4.75,163.9,6.52,26.0,0.0,3.132,1.82,4.55,193.84,11.14,24.5,0.0,3.142,1.82,4.45,254.11,10.64,31.0,-6.25,3.142,1.92,4.24,314.5,6.47,24.75,-12.5,3.142,2.5,15.41,-1
4.200000000000003,208.32381788321095,9.996409907856775,27.94999999999999,0,3.141592653589793,1.92,4.75,162.86,6.53,26.0,-6.25,3.142,1.82,4.55,192.86,11.14,24.5,0.0,3.142,1.82,4.45,252.87,10.64,30.75,0.0,3.142,1.92,4.24,313.5,6.47,24.25,6.25,3.142,2.5,15.41,-1
4.240000000000003,207.20581788321095,9.996409907856775,27.94999999999999,0,3.141592653589793,1.92,4.75,161.81,6.53,25.75,0.0,3.142,1.82,4.55,191.88,11.14,24.5,-12.5,3.142,1.82,4.45,251.64,10.64,30.75,-6.25,3.142,1.92,4.24,312.53,6.47,24.5,-18.75,3.142,2.5,15.41,-1
4.280000000000003,206.08781788321096,9.996409907856775,27.94999999999999,0,3.141592653589793,1.92,4.75,160.78,6.53,25.75,0.0,3.142,1.82,4.55,190.91,11.14,24.0,12.5,3.142,1.82,4.45,250.41,10.64,30.5,0.0,3.142,1.92,4.24,311.56,6.47,23.75,-6.25,3.131,2.5,15.41,-1
4.320000000000003,204.96981788321096,9.996409907856775,27.94999999999999,0,3.141592653589793,1.92,4.75,159.75,6.53,25.75,-6.25,3.142,1.82,4.55,189.94,11.14,24.5,-6.25,3.142,1.82,4.45,249.19,10.64,30.5,6.25,3.142,1.92,4.24,310.6,6.48,23.5,6.25,3.142,2.5,15.41,-1
4.360000000000003,203.85181788321097,9.996409907856775,27.94999999999999,0,3.141592653589793,1.92,4.75,158.72,6.53,25.5,12.5,3.142,1.82,4.55,188.97,11.14,24.25,6.25,3.142,1.82,4.45,247.97,10.64,30.75,-6.25,3.142,1.92,4.24,309.66,6.48,23.75,-6.25,3.142,2.5,15.41,-1
4.400000000000003,202.73381788321097,9.996409907856775,27.94999999999999,0,3.141592653589793,1.92,4.75,157.71,6.53,26.0,6.25,3.142,1.82,4.55,188.0,11.14,24.5,6.25,3.152,1.82,4.45,246.74,10.64,30.5,0.0,3.142,1.92,4.24,308.71,6.48,23.5,12.5,3.142,2.5,15.41,-1
4.440000000000003,201.61581788321098,9.996409907856775,27.94999999999999,0,3.141592653589793,1.92,4.75,156.66,6.53,26.25,-6.25,3.142,1.82,4.55,187.01,11.13,24.75,-6.25,3.142,1.82,4.45,245.52,10.64,30.5,6.25,3.142,1.92,4.24,307.77,6.48,24.0,0.0,3.142,2.5,15.41,-1
4.480000000000003,200.49781788321098,9.996409907856775,27.94999999999999,0,3.141592653589793,1.92,4.75,155.62,6.53,26.0,0.0,3.142,1.82,4.55,186.03,11.13,24.5,-6.25,3.142,1.82,4.45,244.3,10.64,30.75,-6.25,3.142,1.92,4.24,306.81,6.48,24.0,0.0,3.131,2.5,15.41,-1
4.520000000000003,199.379817883211,9.996409907856775,27.94999999999999,0,3.141592653589793,1.92,4.75,154.58,6.53,26.0,6.25,3.132,1.82,4.55,185.04,11.13,24.25,6.25,3.142,1.82,4.45,243.07,10.64,30.5,6.25,3.142,1.92,4.24,305.85,6.49,24.0,6.25,3.142,2.5,15.41,-1
4.560000000000003,198.261817883211,9.996409907856775,27.94999999999999,0,3.141592653589793,1.92,4.75,153.53,6.54,26.25,-6.25,3.142,1.82,4.55,184.07,11.13,24.5,6.25,3.142,1.82,4.45,241.85,10.64,30.75,-6.25,3.142,1.92,4.24,304.89,6.49,24.25,0.0,3.142,2.5,15.41,-1
4.600000000000003,197.143817883211,9.996409907856775,27.94999999999999,0,3.141592653589793,1.92,4.75,152.49,6.54,26.0,0.0,3.142,1.82,4.55,183.09,11.13,24.75,-6.25,3.142,1.82,4.45,240.62,10.64,30.5,6.25,3.142,1.92,4.24,303.93,6.49,24.25,0.0,3.142,2.5,15.41,-1
4.640000000000003,196.025817883211,9.996409907856775,27.94999999999999,0,3.141592653589793,1.92,4.75,151.44,6.54,26.0,6.25,3.142,1.82,4.55,182.1,11.13,24.5,0.0,3.142,1.82,4.45,239.4,10.64,30.75,0.0,3.142,1.92,4.24,302.95,6.49,24.25,0.0,3.142,2.5,15.41,-1
4.680000000000003,194.907817883211,9.996409907856775,27.94999999999999,0,3.141592653589793,1.92,4.75,150.41,6.54,26.25,-12.5,3.142,1.82,4.55,181.12,11.13,24.5,6.25,3.152,1.82,4.45,238.17,10.64,30.75,-12.5,3.142,1.92,4.24,301.98,6.49,24.25,-12.5,3.131,2.5,15.41,-1
4.720000000000003,193.78981788321101,9.996409907856775,27.94999999999999,0,3.141592653589793,1.92,4.75,149.36,6.54,25.75,0.0,3.142,1.82,4.55,180.14,11.12,24.75,-12.5,3.142,1.82,4.45,236.94,10.64,30.25,12.5,3.142,1.92,4.24,301.01,6.5,23.75,6.25,3.142,2.5,15.41,-1
4.760000000000003,192.67181788321102,9.996409907856775,27.94999999999999,0,3.141592653589793,1.92,4.75,148.33,6.54,25.75,0.0,3.142,1.82,4.55,179.16,11.12,24.25,6.25,3.142,1.82,4.45,235.73,10.64,30.75,-6.25,3.142,1.92,4.24,300.06,6.5,24.0,0.0,3.142,2.5,15.41,-1
4.800000000000003,191.55381788321102,9.996409907856775,27.94999999999999,0,3.141592653589793,1.92,4.75,147.3,6.54,25.75,-6.25,3.132,1.82,4.55,178.19,11.12,24.5,6.25,3.142,1.82,4.45,234.5,10.64,30.5,0.0,3.142,1.92,4.24,299.1,6.5,24.0,0.0,3.142,2.5,15.41,-1
4.840000000000003,190.43581788321103,9.996409907856775,27.94999999999999,0,3.141592653589793,1.92,4.75,146.27,6.55,25.5,0.0,3.142,1.82,4.55,177.2,11.12,24.75,-6.25,3.142,1.82,4.45,233.28,10.64,30.5,0.0,3.142,1.92,4.24,298.14,6.5,24.0,0.0,3.142,2.5,15.41,-1
4.8800000000000034,189.31781788321103,9.996409907856775,27.94999999999999,0,3.141592653589793,1.92,4.75,145.25,6.55,25.5,12.5,3.142,1.82,4.55,176.22,11.12,24.5,-6.25,3.142,1.82,4.45,232.06,10.64,30.5,0.0,3.142,1.92,4.24,297.19,6.5,24.0,0.0,3.131,2.5,15.41,-1
4.9200000000000035,188.19981788321104,9.996409907856775,27.94999999999999,0,3.141592653589793,1.92,4.75,144.22,6.55,26.0,-12.5,3.142,1.82,4.55,175.23,11.12,24.25,6.25,3.142,1.82,4.45,230.84,10.64,30.5,-6.25,3.142,1.92,4.24,296.22,6.51,24.0,0.0,3.142,2.5,15.41,-1
4.9600000000000035,187.08181788321104,9.996409907856775,27.349999999999987,-15.0,3.141592653589793,1.92,4.75,143.19,6.55,25.5,0.0,3.142,1.82,4.55,174.26,11.12,24.5,6.25,3.142,1.82,4.45,229.62,10.64,30.25,0.0,3.142,1.92,4.24,295.26,6.51,24.0,6.25,3.142,2.5,15.41,-1
5.0000000000000036,185.98781788321105,9.996409907856775,27.349999999999987,0,3.141592653589793,1.92,4.75,142.16,6.55,25.5,0.0,3.142,1.82,4.55,173.28,11.12,24.75,-6.25,3.142,1.82,4.45,228.41,10.64,30.25,0.0,3.142,1.92,4.24,294.31,6.51,24.25,0.0,3.142,2.5,15.41,-1
5.040000000000004,184.89381788321106,9.996409907856775,27.349999999999987,0,3.141592653589793,1.92,4.75,141.15,6.55,25.5,-6.25,3.132,1.82,4.55,172.29,11.12,24.5,-6.25,3.142,1.82,4.45,227.2,10.64,30.25,6.25,3.142,1.92,4.24,293.33,6.51,24.25,0.0,3.142,2.5,15.41,-1
5.080000000000004,183.79981788321106,9.996409907856775,27.349999999999987,0,3.141592653589793,1.92,4.75,140.12,6.56,25.25,6.25,3.142,1.82,4.55,171.31,11.12,24.25,12.5,3.142,1.82,4.45,225.99,10.64,30.5,0.0,3.142,1.92,4.24,292.37,6.51,24.25,0.0,3.131,2.5,15.41,-1
5.120000000000004,182.70581788321107,9.996409907856775,27.349999999999987,0,3.141592653589793,1.92,4.75,139.12,6.56,25.5,6.25,3.142,1.82,4.55,170.34,11.12,24.75,-6.25,3.142,1.82,4.45,224.77,10.64,30.5,0.0,3.142,1.92,4.24,291.39,6.52,24.25,-6.25,3.142,2.5,15.41,-1
5.160000000000004,181.61181788321107,9.996409907856775,27.349999999999987,0,3.141592653589793,1.92,4.75,138.09,6.56,25.75,0.0,3.142,1.82,4.55,169.35,11.12,24.5,0.0,3.142,1.82,4.45,223.55,10.64,30.5,-6.25,3.142,1.92,4.24,290.43,6.52,24.0,0.0,3.142,2.5,15.41,-1
5.200000000000004,180.51781788321108,9.996409907856775,27.349999999999987,0,3.141592653589793,1.92,4.75,137.06,6.56,25.75,0.0,3.142,1.82,4.55,168.38,11.12,24.5,6.25,3.152,1.82,4.45,222.33,10.64,30.25,0.0,3.142,1.92,4.24,289.46,6.52,24.0,-6.25,3.142,2.5,15.41,-1
5.240000000000004,179.4238178832111,9.996409907856775,27.349999999999987,0,3.141592653589793,1.92,4.75,136.03,6.56,25.75,0.0,3.132,1.82,4.55,167.39,11.11,24.75,0.0,3.142,1.82,4.45,221.12,10.64,30.25,0.0,3.142,1.92,4.24,288.5,6.52,23.75,12.5,3.131,2.5,15.41,-1
5.280000000000004,178.3298178832111,9.996409907856775,27.349999999999987,0,3.141592653589793,1.92,4.75,135.0,6.57,25.75,-6.25,3.142,1.82,4.55,166.41,11.11,24.75,-6.25,3.142,1.82,4.45,219.91,10.64,30.25,0.0,3.142,1.92,4.24,287.56,6.53,24.25,-6.25,3.142,2.5,15.41,-1
5.320000000000004,177.2358178832111,9.996409907856775,27.349999999999987,0,3.141592653589793,1.92,4.75,133.97,6.57,25.5,0.0,3.142,1.82,4.55,165.41,11.11,24.5,0.0,3.142,1.82,4.45,218.7,10.64,30.25,0.0,3.142,1.92,4.24,286.58,6.53,24.0,0.0,3.142,2.5,15.41,-1
5.360000000000004,176.1418178832111,9.996409907856775,26.749999999999986,-15.0,3.141592653589793,1.92,4.75,132.96,6.57,25.5,0.0,3.142,1.82,4.55,164.44,11.11,24.5,0.0,3.142,1.82,4.45,217.49,10.64,30.25,-6.25,3.142,1.92,4.24,285.62,6.53,24.0,-6.25,3.142,2.5,15.41,-1
5.400000000000004,175.0718178832111,9.996409907856775,26.749999999999986,0,3.141592653589793,1.92,4.75,131.94,6.57,25.5,-6.25,3.132,1.82,4.55,163.45,11.11,24.5,0.0,3.142,1.82,4.45,216.28,10.64,30.0,0.0,3.142,1.92,4.24,284.66,6.53,23.75,12.5,3.131,2.5,15.41,-1
5.440000000000004,174.00181788321112,9.996409907856775,26.749999999999986,0,3.141592653589793,1.92,4.75,130.91,6.58,25.25,6.25,3.142,1.82,4.55,162.47,11.11,24.5,-6.25,3.142,1.82,4.45,215.08,10.64,30.0,-6.25,3.142,1.92,4.24,283.71,6.54,24.25,-6.25,3.142,2.5,15.41,-1
5.480000000000004,172.93181788321112,9.996409907856775,26.749999999999986,0,3.141592653589793,1.92,4.75,129.91,6.58,25.5,6.25,3.142,1.82,4.55,161.5,11.11,24.25,6.25,3.142,1.82,4.45,213.88,10.64,29.75,6.25,3.142,1.92,4.24,282.75,6.54,24.0,0.0,3.142,2.5,15.41,-1
5.520000000000004,171.86181788321113,9.996409907856775,26.749999999999986,0,3.141592653589793,1.92,4.75,128.88,6.58,25.75,-6.25,3.142,1.82,4.55,160.53,11.11,24.5,-6.25,3.142,1.82,4.45,212.69,10.64,30.0,-6.25,3.142,1.92,4.24,281.78,6.54,24.0,0.0,3.131,2.5,15.41,-1
5.560000000000004,170.79181788321114,9.996409907856775,26.749999999999986,0,3.141592653589793,1.92,4.75,127.86,6.58,25.5,0.0,3.132,1.82,4.55,159.54,11.11,24.25,0.0,3.142,1.82,4.45,211.49,10.64,29.75,0.0,3.142,1.92,4.24,280.82,6.55,24.0,0.0,3.142,2.5,15.41,-1
5.600000000000004,169.72181788321114,9.996409907856775,26.749999999999986,0,3.141592653589793,1.92,4.75,126.84,6.59,25.5,0.0,3.142,1.82,4.55,158.57,11.11,24.25,6.25,3.142,1.82,4.45,210.3,10.64,29.75,0.0,3.142,1.92,4.24,279.87,6.55,24.0,-6.25,3.131,2.5,15.41,-1
5.640000000000004,168.65181788321115,9.996409907856775,26.749999999999986,0,3.141592653589793,1.92,4.75,125.82,6.59,25.5,0.0,3.142,1.82,4.55,157.6,11.11,24.5,0.0,3.142,1.82,4.45,209.11,10.64,29.75,0.0,3.142,1.92,4.24,278.9,6.56,23.75,0.0,3.142,2.5,15.41,-1
5.680000000000004,167.58181788321116,9.996409907856775,26.749999999999986,0,3.141592653589793,1.92,4.75,124.8,6.59,25.5,-6.25,3.142,1.82,4.55,156.62,11.11,24.5,0.0,3.142,1.82,4.45,207.92,10.64,29.75,-6.25,3.142,1.92,4.24,277.95,6.56,23.75,-6.25,3.142,2.5,15.41,-1
5.720000000000004,166.51181788321117,9.996409907856775,26.749999999999986,0,3.141592653589793,1.92,4.75,123.78,6.59,25.25,0.0,3.132,1.82,4.55,155.64,11.11,24.5,-6.25,3.142,1.82,4.45,206.73,10.64,29.5,6.25,3.142,1.92,4.24,277.0,6.56,23.5,0.0,3.142,2.5,15.41,-1
5.760000000000004,165.44181788321117,9.996409907856775,26.749999999999986,0,3.141592653589793,1.92,4.75,122.77,6.6,25.25,0.0,3.142,1.82,4.55,154.66,11.11,24.25,12.5,3.142,1.82,4.45,205.55,10.64,29.75,-6.25,3.142,1.92,4.24,276.06,6.56,23.5,12.5,3.131,2.5,15.41,-1
5.800000000000004,164.37181788321118,9.996409907856775,26.149999999999984,-15.0,3.141592653589793,1.92,4.75,121.76,6.6,25.25,-6.25,3.142,1.82,4.55,153.69,11.11,24.75,-6.25,3.142,1.82,4.45,204.36,10.64,29.5,0.0,3.142,1.92,4.24,275.12,6.57,24.0,6.25,3.142,2.5,15.41,-1
5.840000000000004,163.3258178832112,9.996409907856775,26.149999999999984,0,3.141592653589793,1.92,4.75,120.75,6.6,25.0,6.25,3.132,1.82,4.55,152.7,11.11,24.5,-6.25,3.142,1.82,4.45,203.18,10.64,29.5,0.0,3.142,1.92,4.24,274.16,6.57,24.25,0.0,3.142,2.5,15.41,-1
5.880000000000004,162.2798178832112,9.996409907856775,26.149999999999984,0,3.141592653589793,1.92,4.75,119.75,6.61,25.25,0.0,3.142,1.82,4.55,151.72,11.11,24.25,12.5,3.152,1.82,4.45,202.0,10.64,29.5,0.0,3.142,1.92,4.24,273.19,6.57,24.25,-6.25,3.142,2.5,15.41,-1
5.920000000000004,161.2338178832112,9.996409907856775,26.149999999999984,0,3.141592653589793,1.92,4.75,118.73,6.61,25.25,0.0,3.142,1.82,4.55,150.75,11.1,24.75,-12.5,3.142,1.82,4.45,200.82,10.64,29.5,-6.25,3.142,1.92,4.24,272.22,6.57,24.0,0.0,3.131,2.5,15.41,-1
5.960000000000004,160.1878178832112,9.996409907856775,26.149999999999984,0,3.141592653589793,1.92,4.75,117.73,6.61,25.25,0.0,3.142,1.82,4.55,149.76,11.1,24.25,-6.25,3.142,1.82,4.45,199.64,10.64,29.25,6.25,3.142,1.92,4.24,271.26,6.58,24.0,0.0,3.142,2.5,15.41,-1
6.000000000000004,159.14181788321122,9.996409907856775,26.149999999999984,0,3.141592653589793,1.92,4.75,116.72,6.61,25.25,0.0,3.132,1.82,4.55,148.79,11.1,24.0,12.5,3.142,1.82,4.45,198.47,10.64,29.5,-6.25,3.142,1.92,4.24,270.31,6.58,24.0,0.0,3.142,2.5,15.41,-1
6.0400000000000045,158.09581788321123,9.996409907856775,25.549999999999983,-15.0,3.141592653589793,1.92,4.75,115.71,6.62,25.25,0.0,3.142,1.82,4.55,147.84,11.1,24.5,0.0,3.142,1.82,4.45,197.29,10.64,29.25,0.0,3.142,1.92,4.24,269.34,6.58,24.0,6.25,3.142,2.5,15.41,-1
6.0800000000000045,157.07381788321123,9.996409907856775,25.549999999999983,0,3.141592653589793,1.92,4.75,114.7,6.62,25.25,0.0,3.142,1.82,4.55,146.85,11.1,24.5,0.0,3.142,1.82,4.45,196.12,10.64,29.25,0.0,3.133,1.92,4.24,268.38,6.58,24.25,0.0,3.142,2.5,15.41,-1
6.1200000000000045,156.05181788321124,9.996409907856775,25.549999999999983,0,3.141592653589793,1.92,4.75,113.69,6.62,25.25,0.0,3.142,1.82,4.55,145.88,11.1,24.5,0.0,3.142,1.82,4.45,194.95,10.65,29.25,0.0,3.142,1.92,4.24,267.41,6.58,24.25,-6.25,3.131,2.5,15.41,-1
6.160000000000005,155.02981788321125,9.996409907856775,25.549999999999983,0,3.141592653589793,1.92,4.75,112.68,6.62,25.25,0.0,3.132,1.82,4.55,144.89,11.1,24.5,12.5,3.142,1.82,4.45,193.78,10.65,29.25,0.0,3.142,1.92,4.24,266.44,6.59,24.0,-6.25,3.142,2.5,15.41,-1
6.200000000000005,154.00781788321126,9.996409907856775,25.549999999999983,0,3.141592653589793,1.92,4.75,111.67,6.63,25.25,-6.25,3.142,1.82,4.55,143.91,11.1,25.0,-12.5,3.132,1.82,4.45,192.61,10.65,29.25,-6.25,3.142,1.92,4.24,265.48,6.59,23.75,12.5,3.142,2.5,15.41,-1
6.240000000000005,152.98581788321127,9.996409907856775,25.549999999999983,0,3.141592653589793,1.92,4.75,110.66,6.63,25.0,0.0,3.142,1.82,4.55,142.91,11.11,24.5,0.0,3.142,1.82,4.45,191.44,10.65,29.0,0.0,3.142,1.92,4.24,264.53,6.59,24.25,-6.25,3.142,2.5,15.41,-1
6.280000000000005,151.96381788321128,9.996409907856775,25.549999999999983,0,3.141592653589793,1.92,4.75,109.66,6.63,25.0,0.0,3.142,1.82,4.55,141.94,11.11,24.5,0.0,3.142,1.82,4.45,190.28,10.65,29.0,0.0,3.142,1.92,4.24,263.56,6.59,24.0,-6.25,3.142,2.5,15.41,-1
6.320000000000005,150.94181788321129,9.996409907856775,25.549999999999983,0,3.141592653589793,1.92,4.75,108.66,6.63,25.0,-6.25,3.132,1.82,4.55,140.95,11.11,24.5,0.0,3.142,1.82,4.45,189.12,10.65,29.0,-6.25,3.142,1.92,4.24,262.61,6.59,23.75,6.25,3.142,2.5,15.41,-1
6.360000000000005,149.9198178832113,9.996409907856775,25.549999999999983,0,3.141592653589793,1.92,4.75,107.66,6.64,24.75,0.0,3.142,1.82,4.55,139.97,11.11,24.5,-6.25,3.142,1.82,4.45,187.96,10.65,28.75,6.25,3.142,1.92,4.24,261.65,6.59,24.0,0.0,3.131,2.5,15.41,-1
6.400000000000005,148.8978178832113,9.996409907856775,25.549999999999983,0,3.141592653589793,1.92,4.75,106.67,6.64,24.75,6.25,3.142,1.82,4.55,139.0,11.11,24.25,12.5,3.142,1.82,4.45,186.81,10.65,29.0,-6.25,3.142,1.92,4.24,260.69,6.6,24.0,-6.25,3.142,2.5,15.41,-1
6.440000000000005,147.8758178832113,9.996409907856775,25.549999999999983,0,3.141592653589793,1.92,4.75,105.68,6.64,25.0,6.25,3.142,1.82,4.55,138.03,11.11,24.75,-6.25,3.142,1.82,4.45,185.65,10.65,28.75,6.25,3.142,1.92,4.24,259.74,6.6,23.75,6.25,3.142,2.5,15.41,-1
6.480000000000005,146.85381788321132,9.996409907856775,25.549999999999983,0,3.141592653589793,1.92,4.75,104.68,6.64,25.25,-12.5,3.142,1.82,4.55,137.03,11.11,24.5,0.0,3.142,1.82,4.45,184.5,10.65,29.0,-6.25,3.142,1.92,4.24,258.79,6.6,24.0,0.0,3.142,2.5,15.41,-1
6.520000000000005,145.83181788321133,9.996409907856775,25.549999999999983,0,3.141592653589793,1.92,4.75,103.67,6.64,24.75,12.5,3.142,1.82,4.55,136.06,11.11,24.5,0.0,3.142,1.82,4.45,183.34,10.65,28.75,0.0,3.142,1.92,4.24,257.82,6.6,24.0,0.0,3.142,2.5,15.41,-1
6.560000000000005,144.80981788321134,9.996409907856775,25.549999999999983,0,3.141592653589793,1.92,4.75,102.68,6.64,25.25,-6.25,3.132,1.82,4.55,135.07,11.11,24.5,-6.25,3.142,1.82,4.45,182.19,10.65,28.75,-6.25,3.142,1.92,4.24,256.87,6.6,24.0,-6.25,3.142,2.5,15.41,-1
6.600000000000005,143.78781788321135,9.996409907856775,25.549999999999983,0,3.141592653589793,1.92,4.75,101.67,6.65,25.0,12.5,3.142,1.82,4.55,134.09,11.11,24.25,6.25,3.142,1.82,4.45,181.04,10.65,28.5,12.5,3.142,1.92,4.24,255.91,6.6,23.75,6.25,3.131,2.5,15.41,-1
6.640000000000005,142.76581788321135,9.996409907856775,25.549999999999983,0,3.141592653589793,1.92,4.75,100.67,6.65,25.5,-6.25,3.142,1.82,4.55,133.12,11.11,24.5,6.25,3.142,1.82,4.45,179.9,10.65,29.0,-6.25,3.142,1.92,4.24,254.96,6.61,24.0,0.0,3.142,2.5,15.41,-1
6.680000000000005,141.74381788321136,9.996409907856775,25.549999999999983,0,3.141592653589793,1.92,4.75,99.65,6.65,25.25,6.25,3.142,1.82,4.55,132.14,11.11,24.75,-6.25,3.142,1.82,4.45,178.74,10.65,28.75,0.0,3.142,1.92,4.24,254.0,6.61,24.0,-6.25,3.142,2.5,15.41,-1
6.720000000000005,140.72181788321137,9.996409907856775,25.549999999999983,0,3.141592653589793,1.92,4.75,98.64,6.65,25.5,-12.5,3.142,1.82,4.55,131.16,11.11,24.5,0.0,3.142,1.82,4.45,177.59,10.65,28.75,0.0,3.142,1.92,4.24,253.04,6.61,23.75,6.25,3.142,2.5,15.41,-1
6.760000000000005,139.69981788321138,9.996409907856775,25.549999999999983,0,3.141592653589793,1.92,4.75,97.62,6.65,25.0,0.0,3.142,1.82,4.55,130.18,11.11,24.5,-12.5,3.142,1.82,4.45,176.44,10.65,28.75,-12.5,3.142,1.92,4.24,252.09,6.61,24.0,0.0,3.142,2.5,15.41,-1
6.800000000000005,138.6778178832114,9.996409907856775,25.549999999999983,0,3.141592653589793,1.92,4.75,96.62,6.65,25.0,0.0,3.142,1.82,4.55,129.19,11.11,24.0,12.5,3.142,1.82,4.45,175.29,10.65,28.25,0.0,3.142,1.92,4.24,251.12,6.61,24.0,-6.25,3.131,2.5,15.41,-1
6.840000000000005,137.6558178832114,9.996409907856775,24.94999999999998,-15.0,3.141592653589793,1.92,4.75,95.62,6.65,25.0,0.0,3.142,1.82,4.55,128.24,11.11,24.5,0.0,3.142,1.82,4.45,174.16,10.65,28.25,0.0,3.142,1.92,4.24,250.17,6.62,23.75,0.0,3.142,2.5,15.41,-1
6.880000000000005,136.6578178832114,9.996409907856775,24.94999999999998,0,3.141592653589793,1.92,4.75,94.62,6.65,25.0,-6.25,3.132,1.82,4.55,127.25,11.11,24.5,0.0,3.142,1.82,4.45,173.03,10.65,28.25,0.0,3.142,1.92,4.24,249.22,6.62,23.75,6.25,3.142,2.5,15.41,-1
6.920000000000005,135.65981788321142,9.996409907856775,24.94999999999998,0,3.141592653589793,1.92,4.75,93.62,6.66,24.75,0.0,3.142,1.82,4.55,126.27,11.11,24.5,0.0,3.142,1.82,4.45,171.9,10.65,28.25,0.0,3.142,1.92,4.24,248.27,6.62,24.0,-12.5,3.142,2.5,15.41,-1
6.960000000000005,134.66181788321143,9.996409907856775,24.94999999999998,0,3.141592653589793,1.92,4.75,92.62,6.66,24.75,6.25,3.142,1.82,4.55,125.29,11.11,24.5,0.0,3.142,1.82,4.45,170.77,10.65,28.25,0.0,3.142,1.92,4.24,247.31,6.62,23.5,18.75,3.142,2.5,15.41,-1
7.000000000000005,133.66381788321144,9.996409907856775,24.94999999999998,0,3.141592653589793,1.92,4.75,91.64,6.66,25.0,0.0,3.142,1.82,4.55,124.31,11.11,24.5,-6.25,3.142,1.82,4.45,169.64,10.65,28.25,0.0,3.142,1.92,4.24,246.37,6.62,24.25,-6.25,3.131,2.5,15.41,-1
7.040000000000005,132.66581788321145,9.996409907856775,24.94999999999998,0,3.141592653589793,1.92,4.75,90.64,6.66,25.0,-6.25,3.142,1.82,4.55,123.33,11.11,24.25,6.25,3.142,1.82,4.45,168.51,10.65,28.25,-12.5,3.142,1.92,4.24,245.4,6.63,24.0,6.25,3.142,2.5,15.41,-1
7.080000000000005,131.66781788321146,9.996409907856775,24.94999999999998,0,3.141592653589793,1.92,4.75,89.64,6.66,24.75,12.5,3.142,1.82,4.55,122.36,11.11,24.5,18.75,3.142,1.82,4.45,167.38,10.65,27.75,12.5,3.142,1.92,4.24,244.44,6.63,24.25,-6.25,3.142,2.5,15.41,-1
7.120000000000005,130.66981788321146,9.996409907856775,24.94999999999998,0,3.141592653589793,1.92,4.75,88.65,6.66,25.25,0.0,3.142,1.82,4.55,121.38,11.11,25.25,-12.5,3.142,1.82,4.45,166.27,10.65,28.25,-6.25,3.142,1.92,4.24,243.47,6.63,24.0,-6.25,3.142,2.5,15.41,-1
7.1600000000000055,129.67181788321147,9.996409907856775,24.94999999999998,0,3.141592653589793,1.92,4.75,87.64,6.66,25.25,-6.25,3.142,1.82,4.55,120.38,11.11,24.75,6.25,3.142,1.82,4.45,165.14,10.65,28.0,0.0,3.142,1.92,4.24,242.51,6.63,23.75,6.25,3.131,2.5,15.41,-1
7.2000000000000055,128.67381788321148,9.996409907856775,24.94999999999998,0,3.141592653589793,1.92,4.75,86.62,6.66,25.0,0.0,3.142,1.82,4.55,119.38,11.11,25.0,-6.25,3.142,1.82,4.45,164.02,10.65,28.0,0.0,3.151,1.92,4.24,241.56,6.64,24.0,-12.5,3.142,2.5,15.41,-1
7.2400000000000055,127.67581788321148,9.996409907856775,24.94999999999998,0,3.141592653589793,1.92,4.75,85.62,6.66,25.0,0.0,3.142,1.82,4.55,118.38,11.11,24.75,0.0,3.142,1.82,4.45,162.9,10.64,28.0,0.0,3.142,1.92,4.24,240.59,6.64,23.5,0.0,3.142,2.5,15.41,-1
7.280000000000006,126.67781788321147,9.996409907856775,24.94999999999998,0,3.141592653589793,1.92,4.75,84.62,6.66,25.0,0.0,3.142,1.82,4.55,117.39,11.11,24.75,-6.25,3.142,1.82,4.45,161.78,10.64,28.0,-12.5,3.142,1.92,4.24,239.66,6.64,23.5,0.0,3.142,2.5,15.41,-1
7.320000000000006,125.67981788321147,9.996409907856775,24.94999999999998,0,3.141592653589793,1.92,4.75,83.62,6.66,25.0,-6.25,3.142,1.82,4.55,116.41,11.11,24.5,6.25,3.142,1.82,4.45,160.66,10.64,27.5,6.25,3.142,1.92,4.24,238.72,6.64,23.5,6.25,3.142,2.5,15.41,-1
7.360000000000006,124.68181788321147,9.996409907856775,24.94999999999998,0,3.141592653589793,1.92,4.75,82.62,6.66,24.75,12.5,3.142,1.82,4.55,115.42,11.11,24.75,-6.25,3.142,1.82,4.45,159.56,10.64,27.75,-6.25,3.142,1.92,4.24,237.78,6.64,23.75,0.0,3.131,2.5,15.41,-1
7.400000000000006,123.68381788321146,9.996409907856775,24.94999999999998,0,3.141592653589793,1.92,4.75,81.64,6.66,25.25,-6.25,3.142,1.82,4.55,114.43,11.11,24.5,0.0,3.142,1.82,4.45,158.45,10.64,27.5,6.25,3.142,1.92,4.24,236.83,6.65,23.75,6.25,3.142,2.5,15.41,-1
7.440000000000006,122.68581788321146,9.996409907856775,24.94999999999998,0,3.141592653589793,1.92,4.75,80.62,6.66,25.0,-12.5,3.142,1.82,4.55,113.45,11.11,24.5,-6.25,3.152,1.82,4.45,157.35,10.64,27.75,-12.5,3.142,1.92,4.24,235.88,6.65,24.0,0.0,3.142,2.5,15.41,-1
7.480000000000006,121.68781788321145,9.996409907856775,24.94999999999998,0,3.141592653589793,1.92,4.75,79.62,6.66,24.5,0.0,3.152,1.82,4.55,112.47,11.1,24.25,0.0,3.142,1.82,4.45,156.24,10.64,27.25,6.25,3.142,1.92,4.24,234.92,6.65,24.0,-6.25,3.142,2.5,15.41,-1
7.520000000000006,120.68981788321145,9.996409907856775,24.94999999999998,0,3.141592653589793,1.92,4.75,78.65,6.65,24.5,0.0,3.142,1.82,4.55,111.5,11.1,24.25,0.0,3.142,1.82,4.45,155.15,10.64,27.5,-6.25,3.142,1.92,4.24,233.96,6.65,23.75,6.25,3.142,2.5,15.41,-1
7.560000000000006,119.69181788321144,9.996409907856775,24.94999999999998,0,3.141592653589793,1.92,4.75,77.67,6.65,24.5,0.0,3.142,1.82,4.55,110.53,11.1,24.25,0.0,3.142,1.82,4.45,154.05,10.64,27.25,-6.25,3.142,1.92,4.24,233.01,6.65,24.0,0.0,3.142,2.5,15.41,-1
7.600000000000006,118.69381788321144,9.996409907856775,24.94999999999998,0,3.141592653589793,1.92,4.75,76.69,6.65,24.5,0.0,3.142,1.82,4.55,109.56,11.1,24.25,-6.25,3.142,1.82,4.45,152.96,10.64,27.0,6.25,3.142,1.92,4.24,232.05,6.65,24.0,6.25,3.142,2.5,15.41,-1
7.640000000000006,117.69581788321143,9.996409907856775,24.94999999999998,0,3.141592653589793,1.92,4.75,75.71,6.65,24.5,12.5,3.142,1.82,4.55,108.59,11.1,24.0,6.25,3.142,1.82,4.45,151.88,10.64,27.25,0.0,3.142,1.92,4.24,231.09,6.65,24.25,-6.25,3.142,2.5,15.41,-1
7.680000000000006,116.69781788321143,9.996409907856775,24.94999999999998,0,3.141592653589793,1.92,4.75,74.73,6.65,25.0,6.25,3.142,1.82,4.55,107.63,11.1,24.25,6.25,3.142,1.82,4.45,150.79,10.64,27.25,0.0,3.142,1.92,4.24,230.12,6.65,24.0,0.0,3.142,2.5,15.41,-1
7.720000000000006,115.69981788321142,9.996409907856775,24.94999999999998,0,3.141592653589793,1.92,4.75,73.73,6.65,25.25,-6.25,3.151,1.82,4.55,106.66,11.1,24.5,0.0,3.142,1.82,4.45,149.7,10.64,27.25,0.0,3.142,1.92,4.24,229.16,6.65,24.0,6.25,3.142,2.5,15.41,-1
7.760000000000006,114.70181788321142,9.996409907856775,24.94999999999998,0,3.141592653589793,1.92,4.75,72.72,6.64,25.0,0.0,3.142,1.82,4.55,105.68,11.1,24.5,-6.25,3.142,1.82,4.45,148.61,10.64,27.25,-6.25,3.142,1.92,4.24,228.2,6.65,24.25,-6.25,3.142,2.5,15.41,-1
7.800000000000006,113.70381788321141,9.996409907856775,24.94999999999998,0,3.141592653589793,1.92,4.75,71.72,6.64,25.0,0.0,3.142,1.82,4.55,104.7,11.1,24.25,0.0,3.152,1.82,4.45,147.52,10.64,27.0,-6.25,3.142,1.92,4.24,227.23,6.65,24.0,-6.25,3.142,2.5,15.41,-1
7.840000000000006,112.70581788321141,9.996409907856775,24.94999999999998,0,3.141592653589793,1.92,4.75,70.72,6.64,25.0,6.25,3.152,1.82,4.55,103.73,11.09,24.25,12.5,3.142,1.82,4.45,146.44,10.64,26.75,6.25,3.142,1.92,4.24,226.27,6.65,23.75,0.0,3.152,2.5,15.41,-1
7.880000000000006,111.7078178832114,9.996409907856775,24.94999999999998,0,3.141592653589793,1.92,4.75,69.72,6.63,25.25,0.0,3.142,1.82,4.55,102.77,11.09,24.75,0.0,3.142,1.82,4.45,145.37,10.64,27.0,0.0,3.142,1.92,4.24,225.32,6.64,23.75,0.0,3.142,2.5,15.41,-1
7.920000000000006,110.7098178832114,9.996409907856775,24.94999999999998,0,3.141592653589793,1.92,4.75,68.71,6.63,25.25,0.0,3.142,1.82,4.55,101.77,11.09,24.75,0.0,3.142,1.82,4.45,144.29,10.64,27.0,0.0,3.142,1.92,4.24,224.37,6.64,23.75,0.0,3.142,2.5,15.41,1
